{"stat.pickup.minecraft.bone":10,"stat.useItem.minecraft.iron_axe":133,"stat.leaveGame":2,"stat.mineBlock.minecraft.cobblestone":7,"stat.pickup.minecraft.stone_pickaxe":6,"stat.craftItem.minecraft.iron_axe":1,"stat.swimOneCm":32786,"stat.useItem.minecraft.planks":71,"stat.craftItem.minecraft.shield":1,"stat.pickup.minecraft.enchanted_book":1,"stat.climbOneCm":1528,"achievement.buildWorkBench":18,"stat.breakItem.minecraft.iron_pickaxe":1,"stat.useItem.minecraft.dirt":49,"achievement.exploreAllBiomes":{"value":0,"progress":["Cold Taiga","FrozenRiver","Ice Plains","River","Forest","Taiga","Ice Mountains"]},"stat.pickup.minecraft.iron_boots":1,"stat.useItem.minecraft.water_bucket":10,"stat.pickup.minecraft.rotten_flesh":44,"stat.pickup.minecraft.sand":18,"stat.craftItem.minecraft.furnace":3,"stat.craftItem.minecraft.iron_boots":1,"stat.drop.minecraft.leather_boots":1,"stat.craftItem.minecraft.stone_pickaxe":3,"stat.pickup.minecraft.cobblestone":730,"stat.pickup.minecraft.leather_boots":1,"stat.useItem.minecraft.stone_shovel":130,"stat.flyOneCm":217119,"stat.mineBlock.minecraft.sand":19,"achievement.buildPickaxe":14,"stat.pickup.minecraft.fish":15,"stat.craftItem.minecraft.cooked_fish":14,"achievement.buildBetterPickaxe":9,"stat.mineBlock.minecraft.iron_ore":73,"stat.timeSinceDeath":101039,"stat.useItem.minecraft.iron_pickaxe":311,"stat.useItem.minecraft.sign":4,"stat.craftItem.minecraft.wooden_pickaxe":3,"stat.pickup.minecraft.mutton":17,"stat.craftItem.minecraft.bed":2,"stat.craftItem.minecraft.stonebrick":28,"stat.craftItem.minecraft.glass_pane":16,"stat.furnaceInteraction":114,"stat.drop.minecraft.dirt":7,"stat.mineBlock.minecraft.coal_ore":174,"stat.pickup.minecraft.shield":2,"stat.killEntity.Creeper":2,"stat.pickup.minecraft.wooden_sword":1,"stat.pickup.minecraft.string":16,"stat.pickup.minecraft.furnace":15,"stat.useItem.minecraft.cooked_mutton":14,"stat.entityKilledBy.Skeleton":1,"achievement.buildSword":4,"achievement.mineWood":125,"stat.sprintOneCm":364603,"stat.pickup.minecraft.iron_chestplate":1,"stat.craftItem.minecraft.stick":36,"stat.useItem.minecraft.bed":1,"achievement.openInventory":150,"stat.craftItem.minecraft.stone":40,"stat.mineBlock.minecraft.crafting_table":6,"stat.useItem.minecraft.bucket":11,"stat.entityKilledBy.Creeper":1,"achievement.killEnemy":36,"achievement.buildFurnace":6,"stat.deaths":5,"stat.mineBlock.minecraft.planks":12,"stat.drop":11,"stat.playOneMinute":220276,"stat.useItem.minecraft.wooden_sword":16,"stat.killEntity.Sheep":8,"stat.craftItem.minecraft.iron_pickaxe":2,"stat.killEntity.Zombie":19,"stat.mineBlock.minecraft.tallgrass":21,"stat.craftItem.minecraft.cooked_mutton":9,"stat.diveOneCm":35555,"stat.pickup.minecraft.cooked_mutton":6,"stat.chestOpened":51,"stat.craftItem.minecraft.sign":3,"stat.pickup.minecraft.sign":2,"stat.useItem.minecraft.stone":9,"stat.pickup.minecraft.gravel":4,"stat.pickup.minecraft.arrow":14,"stat.pickup.minecraft.iron_sword":2,"stat.mineBlock.minecraft.ice":16,"stat.pickup.minecraft.stone_axe":3,"stat.useItem.minecraft.apple":4,"stat.useItem.minecraft.rotten_flesh":3,"stat.jump":1879,"stat.useItem.minecraft.sand":12,"stat.pickup.minecraft.coal":669,"stat.fallOneCm":36910,"stat.pickup.minecraft.iron_ingot":58,"stat.pickup.minecraft.gunpowder":1,"stat.crouchOneCm":64862,"stat.mineBlock.minecraft.chest":1,"stat.pickup.minecraft.spider_eye":5,"stat.craftItem.minecraft.iron_ingot":65,"stat.craftItem.minecraft.torch":48,"stat.craftItem.minecraft.chest":2,"stat.pickup.minecraft.dirt":311,"stat.craftItem.minecraft.iron_helmet":2,"stat.drop.minecraft.bed":1,"stat.craftingTableInteraction":48,"stat.pickup.minecraft.iron_ore":109,"stat.boatOneCm":28301,"stat.useItem.minecraft.sapling":1,"stat.pickup.minecraft.iron_axe":1,"stat.pickup.minecraft.wooden_pickaxe":1,"stat.damageTaken":2254,"stat.mineBlock.minecraft.furnace":11,"stat.mineBlock.minecraft.torch":3,"stat.useItem.minecraft.wooden_pickaxe":50,"stat.useItem.minecraft.furnace":13,"stat.craftItem.minecraft.wooden_sword":1,"stat.pickup.minecraft.planks":172,"stat.pickup.minecraft.iron_leggings":1,"stat.pickup.minecraft.wheat_seeds":10,"stat.pickup.minecraft.potato":1,"stat.entityKilledBy.Zombie":2,"stat.mineBlock.minecraft.gravel":4,"stat.useItem.minecraft.stone_pickaxe":342,"stat.craftItem.minecraft.iron_leggings":1,"stat.damageDealt":8635,"stat.craftItem.minecraft.glass":6,"stat.mineBlock.minecraft.dirt":153,"stat.useItem.minecraft.crafting_table":15,"stat.craftItem.minecraft.iron_sword":1,"stat.craftItem.minecraft.stone_shovel":1,"stat.walkOneCm":778515,"stat.useItem.minecraft.torch":41,"stat.playerKills":3,"stat.useItem.minecraft.chest":3,"stat.pickup.minecraft.stick":4,"stat.pickup.minecraft.crafting_table":6,"stat.useItem.minecraft.log":40,"stat.pickup.minecraft.clay_ball":4,"stat.useItem.minecraft.cobblestone":92,"stat.craftItem.minecraft.crafting_table":10,"stat.breakItem.minecraft.stone_pickaxe":3,"stat.craftItem.minecraft.boat":3,"stat.pickup.minecraft.log":215,"stat.useItem.minecraft.cooked_fish":11,"stat.pickup.minecraft.iron_pickaxe":1,"stat.pickup.minecraft.stone":137,"stat.craftItem.minecraft.iron_chestplate":1,"stat.drop.minecraft.potato":1,"stat.pickup.minecraft.sapling":49,"stat.pickup.minecraft.wooden_door":1,"stat.pickup.minecraft.apple":8,"stat.useItem.minecraft.glass_pane":3,"stat.killEntity.Skeleton":7,"stat.drop.minecraft.fish":1,"stat.craftItem.minecraft.bucket":1,"stat.craftItem.minecraft.planks":224,"stat.useItem.minecraft.iron_sword":172,"stat.killEntity.PolarBear":3,"stat.killEntity.Spider":9,"stat.craftItem.minecraft.fishing_rod":1,"stat.mobKills":48,"stat.useItem.minecraft.stonebrick":25,"stat.mineBlock.minecraft.log":122,"stat.craftItem.minecraft.wooden_door":3,"stat.craftItem.minecraft.shears":1,"stat.useItem.minecraft.wooden_door":2,"stat.useItem.minecraft.boat":3,"achievement.acquireIron":41,"stat.mineBlock.minecraft.leaves":40,"stat.pickup.minecraft.torch":47,"stat.sneakTime":25059,"stat.pickup.minecraft.wool":23,"achievement.cookFish":16,"stat.mineBlock.minecraft.stone":354,"stat.useItem.minecraft.fishing_rod":25,"stat.pickup.minecraft.chest":1}