{"stat.drop.minecraft.stone_pickaxe":1,"stat.drop.minecraft.mutton":5,"stat.pickup.minecraft.bone":6,"stat.useItem.minecraft.iron_axe":17,"stat.leaveGame":2,"stat.mineBlock.minecraft.cobblestone":96,"stat.pickup.minecraft.stone_pickaxe":6,"stat.pickup.minecraft.flint":2,"stat.craftItem.minecraft.iron_axe":1,"stat.pickup.minecraft.fishing_rod":1,"stat.swimOneCm":33516,"stat.useItem.minecraft.planks":514,"stat.climbOneCm":10622,"stat.drop.minecraft.cobblestone":1,"achievement.buildWorkBench":1,"stat.pickup.minecraft.glass":26,"stat.useItem.minecraft.dirt":137,"stat.pickup.minecraft.bow":1,"achievement.exploreAllBiomes":{"value":0,"progress":["FrozenRiver","Ice Plains","River","Forest","Taiga","Ice Mountains"]},"stat.useItem.minecraft.water_bucket":18,"stat.pickup.minecraft.rotten_flesh":3,"stat.pickup.minecraft.sand":21,"stat.craftItem.minecraft.furnace":1,"stat.craftItem.minecraft.stone_axe":4,"stat.craftItem.minecraft.stone_pickaxe":2,"stat.pickup.minecraft.cobblestone":563,"stat.useItem.minecraft.stone_shovel":190,"stat.craftItem.minecraft.stone_sword":1,"stat.flyOneCm":26279,"achievement.buildPickaxe":10,"stat.mineBlock.minecraft.sand":21,"stat.pickup.minecraft.fish":1,"achievement.buildBetterPickaxe":8,"stat.mineBlock.minecraft.iron_ore":8,"stat.timeSinceDeath":12064,"stat.useItem.minecraft.sign":3,"stat.useItem.minecraft.iron_pickaxe":104,"stat.craftItem.minecraft.wooden_pickaxe":2,"stat.pickup.minecraft.mutton":4,"stat.drop.minecraft.cooked_mutton":5,"stat.killEntity.Bat":1,"stat.craftItem.minecraft.birch_door":6,"stat.drop.minecraft.coal":2,"stat.craftItem.minecraft.glass_pane":16,"stat.furnaceInteraction":37,"stat.drop.minecraft.dirt":1,"stat.pickup.minecraft.string":1,"stat.mineBlock.minecraft.ladder":1,"stat.useItem.minecraft.cooked_mutton":3,"stat.entityKilledBy.Skeleton":2,"achievement.buildSword":2,"achievement.mineWood":234,"stat.killEntity.Squid":1,"stat.sprintOneCm":73713,"stat.drop.minecraft.fishing_rod":1,"stat.useItem.minecraft.stone_stairs":4,"stat.craftItem.minecraft.stick":132,"stat.craftItem.minecraft.wooden_axe":1,"achievement.openInventory":78,"stat.craftItem.minecraft.stone":184,"stat.mineBlock.minecraft.crafting_table":1,"stat.useItem.minecraft.wooden_shovel":300,"stat.useItem.minecraft.bucket":18,"achievement.killEnemy":6,"achievement.buildFurnace":1,"stat.deaths":9,"stat.mineBlock.minecraft.planks":14,"stat.drop":18,"stat.playOneMinute":213266,"stat.craftItem.minecraft.wooden_shovel":5,"stat.pickup.minecraft.birch_door":4,"stat.killEntity.Sheep":3,"stat.useItem.minecraft.ladder":27,"stat.craftItem.minecraft.iron_pickaxe":2,"stat.useItem.minecraft.shears":8,"stat.killEntity.Zombie":2,"stat.mineBlock.minecraft.tallgrass":5,"stat.craftItem.minecraft.cooked_mutton":7,"stat.diveOneCm":22340,"stat.pickup.minecraft.cooked_mutton":2,"stat.chestOpened":58,"stat.craftItem.minecraft.sign":6,"stat.craftItem.minecraft.ladder":27,"stat.useItem.minecraft.fish":1,"stat.pickup.minecraft.sign":1,"stat.useItem.minecraft.stone":206,"stat.pickup.minecraft.gravel":16,"stat.pickup.minecraft.arrow":1,"stat.mineBlock.minecraft.ice":1,"stat.pickup.minecraft.stone_axe":5,"stat.useItem.minecraft.apple":1,"stat.breakItem.minecraft.wooden_axe":1,"stat.jump":1753,"stat.pickup.minecraft.coal":64,"stat.fallOneCm":30272,"stat.pickup.minecraft.iron_ingot":11,"stat.useItem.minecraft.stone_axe":261,"stat.drop.minecraft.stone_sword":1,"stat.crouchOneCm":2646,"stat.craftItem.minecraft.chest":2,"stat.craftItem.minecraft.iron_ingot":7,"stat.craftItem.minecraft.torch":32,"stat.pickup.minecraft.dirt":665,"stat.pickup.minecraft.iron_ore":8,"stat.craftingTableInteraction":28,"stat.useItem.minecraft.glass":38,"stat.pickup.minecraft.stone_shovel":1,"stat.boatOneCm":35441,"stat.pickup.minecraft.leaves":8,"stat.pickup.minecraft.wooden_pickaxe":3,"stat.damageTaken":2713,"stat.drop.minecraft.bone":1,"stat.mineBlock.minecraft.torch":15,"stat.mineBlock.minecraft.red_flower":1,"stat.useItem.minecraft.reeds":3,"stat.useItem.minecraft.furnace":1,"stat.useItem.minecraft.wooden_pickaxe":72,"stat.pickup.minecraft.dye":1,"stat.pickup.minecraft.planks":54,"stat.pickup.minecraft.reeds":3,"stat.craftItem.minecraft.birch_fence":15,"stat.pickup.minecraft.wheat_seeds":2,"stat.useItem.minecraft.birch_fence":15,"stat.mineBlock.minecraft.gravel":18,"stat.useItem.minecraft.stone_pickaxe":340,"stat.breakItem.minecraft.stone_axe":1,"stat.mineBlock.minecraft.glass":14,"stat.useItem.minecraft.stone_sword":51,"stat.damageDealt":1769,"stat.craftItem.minecraft.glass":19,"stat.mineBlock.minecraft.dirt":664,"stat.useItem.minecraft.crafting_table":2,"stat.craftItem.minecraft.stone_shovel":2,"stat.pickup.minecraft.boat":1,"stat.walkOneCm":1198882,"stat.useItem.minecraft.torch":45,"stat.useItem.minecraft.chest":2,"stat.pickup.minecraft.stick":7,"stat.craftItem.minecraft.stone_stairs":4,"stat.pickup.minecraft.crafting_table":1,"stat.useItem.minecraft.log":73,"stat.useItem.minecraft.cobblestone":151,"stat.craftItem.minecraft.crafting_table":1,"stat.mineBlock.minecraft.double_plant":2,"stat.breakItem.minecraft.stone_pickaxe":3,"stat.pickup.minecraft.log":255,"stat.pickup.minecraft.iron_pickaxe":2,"stat.pickup.minecraft.stone":220,"stat.useItem.minecraft.spruce_stairs":4,"stat.pickup.minecraft.sapling":22,"stat.pickup.minecraft.apple":6,"stat.pickup.minecraft.ladder":21,"stat.useItem.minecraft.glass_pane":28,"stat.breakItem.minecraft.stone_shovel":1,"stat.useItem.minecraft.birch_door":10,"stat.killEntity.Skeleton":3,"stat.craftItem.minecraft.bucket":1,"stat.craftItem.minecraft.planks":660,"stat.killEntity.Spider":2,"stat.pickup.minecraft.stone_sword":3,"stat.craftItem.minecraft.fishing_rod":1,"stat.mobKills":12,"stat.mineBlock.minecraft.log":236,"stat.craftItem.minecraft.shears":1,"stat.useItem.minecraft.boat":1,"achievement.acquireIron":2,"stat.mineBlock.minecraft.leaves":128,"stat.breakItem.minecraft.wooden_shovel":5,"stat.pickup.minecraft.torch":16,"stat.pickup.minecraft.red_flower":1,"stat.sneakTime":1074,"stat.pickup.minecraft.wool":8,"stat.craftItem.minecraft.spruce_stairs":4,"stat.useItem.minecraft.wooden_axe":60,"stat.mineBlock.minecraft.stone":381,"stat.useItem.minecraft.fishing_rod":9,"stat.breakItem.minecraft.wooden_pickaxe":1}