{"stat.drop.minecraft.stone_pickaxe":1,"stat.leaveGame":3,"stat.mineBlock.minecraft.cobblestone":1,"stat.pickup.minecraft.stone_pickaxe":4,"stat.pickup.minecraft.flint":1,"stat.swimOneCm":70216,"stat.useItem.minecraft.planks":72,"stat.climbOneCm":4446,"stat.drop.minecraft.cobblestone":2,"achievement.buildWorkBench":1,"stat.useItem.minecraft.dirt":11,"achievement.exploreAllBiomes":{"value":0,"progress":["FrozenRiver","Ice Plains","Forest","River","Taiga"]},"stat.pickup.minecraft.iron_boots":1,"stat.pickup.minecraft.rotten_flesh":1,"stat.pickup.minecraft.sand":99,"stat.craftItem.minecraft.stone_pickaxe":4,"stat.pickup.minecraft.cobblestone":288,"stat.pickup.minecraft.leather_boots":1,"stat.craftItem.minecraft.stone_sword":2,"stat.flyOneCm":58834,"stat.pickup.minecraft.brown_mushroom":1,"stat.mineBlock.minecraft.sand":50,"achievement.buildPickaxe":3,"stat.drop.minecraft.wheat_seeds":8,"achievement.buildBetterPickaxe":3,"stat.timeSinceDeath":10540,"stat.drop.minecraft.log":1,"stat.pickup.minecraft.mutton":4,"stat.pickup.minecraft.double_plant":5,"stat.craftItem.minecraft.bed":1,"stat.useItem.minecraft.potato":1,"stat.pickup.minecraft.wooden_axe":1,"stat.furnaceInteraction":30,"stat.drop.minecraft.gravel":6,"stat.drop.minecraft.dirt":27,"stat.pickup.minecraft.string":2,"stat.useItem.minecraft.double_plant":4,"achievement.buildSword":2,"achievement.mineWood":59,"stat.sprintOneCm":218389,"stat.craftItem.minecraft.stick":24,"stat.useItem.minecraft.bed":3,"achievement.openInventory":20,"stat.pickup.minecraft.stone_stairs":9,"stat.craftItem.minecraft.stone":64,"stat.useItem.minecraft.wheat_seeds":5,"stat.useItem.minecraft.dye":3,"stat.entityKilledBy.Creeper":2,"achievement.killEnemy":1,"stat.deaths":11,"stat.mineBlock.minecraft.planks":2,"stat.drop":62,"stat.playOneMinute":199354,"stat.killEntity.Sheep":3,"stat.craftItem.minecraft.dye":5,"stat.mineBlock.minecraft.tallgrass":73,"stat.craftItem.minecraft.cooked_mutton":3,"stat.diveOneCm":69900,"stat.pickup.minecraft.cooked_mutton":1,"stat.pickup.minecraft.wheat":4,"stat.chestOpened":134,"stat.pickup.minecraft.spruce_door":3,"stat.useItem.minecraft.stone":98,"stat.drop.minecraft.wooden_pickaxe":2,"stat.pickup.minecraft.gravel":37,"stat.pickup.minecraft.arrow":1,"stat.pickup.minecraft.stone_axe":1,"stat.drop.minecraft.apple":1,"stat.jump":1630,"stat.pickup.minecraft.coal":3,"stat.fallOneCm":57886,"stat.drop.minecraft.stone_sword":4,"stat.crouchOneCm":1438,"stat.craftItem.minecraft.iron_ingot":27,"stat.craftItem.minecraft.torch":4,"stat.craftItem.minecraft.chest":1,"stat.pickup.minecraft.dirt":239,"stat.craftingTableInteraction":26,"stat.boatOneCm":3435,"stat.useItem.minecraft.sapling":7,"stat.pickup.minecraft.wooden_pickaxe":2,"stat.damageTaken":3220,"stat.mineBlock.minecraft.torch":1,"stat.pickup.minecraft.planks":34,"stat.pickup.minecraft.reeds":9,"stat.pickup.minecraft.bed":2,"stat.pickup.minecraft.wheat_seeds":23,"stat.pickup.minecraft.potato":4,"stat.mineBlock.minecraft.gravel":31,"stat.useItem.minecraft.stone_pickaxe":297,"stat.useItem.minecraft.stone_sword":110,"stat.damageDealt":563,"stat.craftItem.minecraft.glass":26,"stat.sleepInBed":15,"stat.mineBlock.minecraft.dirt":159,"stat.useItem.minecraft.crafting_table":1,"stat.craftItem.minecraft.iron_sword":1,"stat.drop.minecraft.stick":2,"stat.pickup.minecraft.boat":1,"stat.walkOneCm":952215,"stat.useItem.minecraft.torch":7,"stat.useItem.minecraft.chest":1,"stat.drop.minecraft.wheat":3,"stat.pickup.minecraft.stick":2,"stat.useItem.minecraft.log":3,"stat.pickup.minecraft.crafting_table":1,"stat.useItem.minecraft.cobblestone":5,"stat.craftItem.minecraft.crafting_table":1,"stat.craftItem.minecraft.leather_boots":2,"stat.useItem.minecraft.gravel":2,"stat.mineBlock.minecraft.double_plant":3,"stat.breakItem.minecraft.stone_pickaxe":1,"stat.pickup.minecraft.log":103,"stat.pickup.minecraft.iron_pickaxe":1,"stat.useItem.minecraft.yellow_flower":2,"stat.pickup.minecraft.stone":107,"stat.drop.minecraft.planks":2,"stat.drop.minecraft.sapling":1,"stat.drop.minecraft.potato":1,"stat.pickup.minecraft.sapling":13,"stat.pickup.minecraft.apple":1,"stat.craftItem.minecraft.planks":148,"stat.useItem.minecraft.iron_sword":16,"stat.killEntity.Spider":1,"stat.pickup.minecraft.stone_sword":5,"stat.mobKills":4,"stat.mineBlock.minecraft.log":57,"stat.craftItem.minecraft.fence":12,"stat.useItem.minecraft.spruce_door":4,"stat.mineBlock.minecraft.leaves":40,"stat.pickup.minecraft.torch":8,"stat.sneakTime":614,"stat.pickup.minecraft.wool":3,"stat.drop.minecraft.arrow":1,"stat.pickup.minecraft.yellow_flower":2,"stat.mineBlock.minecraft.stone":243}