{"stat.leaveGame":2,"stat.useItem.minecraft.planks":135,"stat.craftItem.minecraft.shield":1,"stat.useItem.minecraft.water_bucket":22,"stat.pickup.minecraft.rotten_flesh":6,"stat.pickup.minecraft.sand":98,"stat.craftItem.minecraft.stone_axe":3,"stat.pickup.minecraft.bucket":1,"stat.craftItem.minecraft.stone_sword":1,"stat.pickup.minecraft.brown_mushroom":2,"achievement.buildPickaxe":20,"stat.mineBlock.minecraft.sand":100,"stat.killEntity.Witch":1,"achievement.buildBetterPickaxe":18,"stat.useItem.minecraft.fence_gate":2,"stat.useItem.minecraft.iron_pickaxe":429,"stat.craftItem.minecraft.wooden_pickaxe":1,"stat.pickup.minecraft.double_plant":7,"stat.craftItem.minecraft.glass_pane":64,"stat.useItem.minecraft.oak_stairs":7,"stat.furnaceInteraction":40,"stat.useItem.minecraft.double_plant":1,"stat.pickup.minecraft.furnace":1,"stat.useItem.minecraft.cooked_mutton":5,"achievement.mineWood":154,"stat.pickup.minecraft.iron_chestplate":2,"stat.useItem.minecraft.fence":18,"stat.useItem.minecraft.stone_stairs":88,"achievement.openInventory":228,"stat.pickup.minecraft.stone_stairs":18,"stat.useItem.minecraft.flint_and_steel":23,"stat.useItem.minecraft.wheat_seeds":9,"stat.craftItem.minecraft.fence_gate":8,"stat.mineBlock.minecraft.oak_stairs":1,"stat.deaths":2,"stat.playOneMinute":207539,"stat.craftItem.minecraft.iron_pickaxe":2,"stat.pickup.minecraft.glass_pane":32,"stat.drop.minecraft.torch":5,"stat.craftItem.minecraft.cooked_mutton":4,"stat.mineBlock.minecraft.tallgrass":10,"stat.pickup.minecraft.cooked_mutton":1,"stat.chestOpened":67,"stat.pickup.minecraft.spruce_door":3,"stat.craftItem.minecraft.sign":3,"stat.useItem.minecraft.stone":38,"stat.pickup.minecraft.arrow":7,"stat.mineBlock.minecraft.ice":7,"stat.craftItem.minecraft.coal":4,"stat.fallOneCm":17124,"stat.crouchOneCm":6285,"stat.craftItem.minecraft.chest":3,"stat.craftItem.minecraft.iron_ingot":38,"stat.craftingTableInteraction":61,"stat.pickup.minecraft.wooden_pickaxe":3,"stat.useItem.minecraft.furnace":3,"stat.pickup.minecraft.dye":14,"stat.pickup.minecraft.planks":74,"stat.pickup.minecraft.iron_leggings":2,"stat.pickup.minecraft.wheat_seeds":10,"stat.mineBlock.minecraft.gravel":67,"stat.useItem.minecraft.stone_pickaxe":742,"stat.useItem.minecraft.stone_sword":13,"stat.craftItem.minecraft.iron_leggings":1,"stat.craftItem.minecraft.oak_stairs":8,"stat.mineBlock.minecraft.dirt":300,"stat.pickup.minecraft.flint_and_steel":1,"stat.useItem.minecraft.torch":83,"stat.useItem.minecraft.bread":1,"stat.craftItem.minecraft.stone_stairs":116,"stat.pickup.minecraft.crafting_table":3,"stat.useItem.minecraft.log":3,"stat.useItem.minecraft.cobblestone":651,"stat.craftItem.minecraft.crafting_table":7,"stat.useItem.minecraft.gravel":14,"stat.craftItem.minecraft.boat":1,"stat.pickup.minecraft.log":285,"stat.pickup.minecraft.iron_pickaxe":2,"stat.drop.minecraft.planks":2,"stat.pickup.minecraft.sapling":16,"stat.useItem.minecraft.glass_pane":50,"stat.breakItem.minecraft.stone_shovel":3,"stat.craftItem.minecraft.bucket":1,"stat.craftItem.minecraft.planks":340,"stat.mineBlock.minecraft.log":148,"stat.useItem.minecraft.stone_hoe":14,"stat.useItem.minecraft.spruce_door":3,"achievement.acquireIron":9,"stat.sneakTime":1753,"stat.useItem.minecraft.wooden_axe":1,"stat.craftItem.minecraft.spruce_door":3,"stat.drop.minecraft.stone_pickaxe":5,"stat.pickup.minecraft.bone":5,"stat.mineBlock.minecraft.cobblestone":48,"stat.pickup.minecraft.stone_pickaxe":8,"stat.pickup.minecraft.flint":13,"stat.mineBlock.minecraft.brown_mushroom":1,"stat.swimOneCm":49408,"achievement.buildWorkBench":11,"stat.breakItem.minecraft.iron_pickaxe":1,"stat.useItem.minecraft.dirt":41,"achievement.exploreAllBiomes":{"value":0,"progress":["FrozenRiver","Ice Plains","River","Forest","Taiga","Extreme Hills","Ice Mountains"]},"stat.pickup.minecraft.iron_boots":2,"stat.pickup.minecraft.stone_hoe":1,"stat.craftItem.minecraft.furnace":3,"stat.craftItem.minecraft.iron_boots":1,"stat.craftItem.minecraft.stone_pickaxe":9,"stat.pickup.minecraft.cobblestone":1219,"stat.mineBlock.minecraft.clay":33,"stat.useItem.minecraft.stone_shovel":410,"stat.flyOneCm":5171,"stat.mineBlock.minecraft.iron_ore":56,"stat.timeSinceDeath":37832,"stat.useItem.minecraft.sign":1,"stat.pickup.minecraft.mutton":4,"stat.useItem.minecraft.potato":10,"stat.pickup.minecraft.wooden_axe":2,"stat.mineBlock.minecraft.coal_ore":62,"stat.pickup.minecraft.shield":2,"stat.craftItem.minecraft.stone_hoe":1,"achievement.buildSword":2,"stat.sprintOneCm":5372,"stat.craftItem.minecraft.stick":112,"stat.craftItem.minecraft.wooden_axe":1,"stat.useItem.minecraft.bed":1,"stat.craftItem.minecraft.stone":68,"stat.mineBlock.minecraft.crafting_table":2,"stat.useItem.minecraft.bucket":22,"achievement.killEnemy":8,"achievement.buildFurnace":5,"stat.mineBlock.minecraft.planks":6,"stat.drop":12,"stat.killEntity.Zombie":5,"stat.mineBlock.minecraft.gold_ore":26,"stat.diveOneCm":64237,"stat.pickup.minecraft.wheat":7,"achievement.buildHoe":2,"stat.pickup.minecraft.gravel":101,"stat.pickup.minecraft.stone_axe":3,"stat.useItem.minecraft.rotten_flesh":5,"stat.jump":1250,"stat.pickup.minecraft.coal":92,"stat.pickup.minecraft.iron_helmet":2,"stat.useItem.minecraft.stone_axe":214,"stat.pickup.minecraft.gunpowder":2,"stat.craftItem.minecraft.bread":1,"stat.craftItem.minecraft.torch":84,"stat.pickup.minecraft.dirt":694,"stat.craftItem.minecraft.iron_helmet":1,"achievement.makeBread":1,"stat.pickup.minecraft.iron_ore":57,"stat.useItem.minecraft.glass":71,"stat.pickup.minecraft.stone_shovel":1,"stat.boatOneCm":19538,"stat.useItem.minecraft.sapling":5,"stat.pickup.minecraft.gold_ore":26,"stat.mineBlock.minecraft.lapis_ore":2,"stat.craftItem.minecraft.flint_and_steel":1,"stat.mineBlock.minecraft.stone_stairs":8,"stat.damageTaken":780,"stat.mineBlock.minecraft.torch":6,"stat.useItem.minecraft.wooden_pickaxe":41,"stat.mineBlock.minecraft.sapling":1,"stat.pickup.minecraft.bed":1,"stat.pickup.minecraft.potato":10,"stat.craftItem.minecraft.glass":98,"stat.damageDealt":2181,"stat.sleepInBed":1,"stat.useItem.minecraft.crafting_table":9,"stat.craftItem.minecraft.stone_shovel":4,"stat.walkOneCm":1028433,"stat.useItem.minecraft.chest":3,"stat.playerKills":1,"stat.pickup.minecraft.stick":15,"stat.pickup.minecraft.clay_ball":132,"stat.breakItem.minecraft.stone_pickaxe":2,"stat.pickup.minecraft.stone":140,"stat.craftItem.minecraft.iron_chestplate":1,"stat.killEntity.Skeleton":2,"stat.mobKills":8,"stat.craftItem.minecraft.fence":18,"stat.useItem.minecraft.boat":1,"stat.mineBlock.minecraft.leaves":42,"stat.pickup.minecraft.torch":34,"stat.mineBlock.minecraft.stone":992}