{"stat.drop.minecraft.stone_pickaxe":1,"stat.craftItem.minecraft.stone_shovel":1,"stat.walkOneCm":70282,"stat.pickup.minecraft.stick":1,"stat.pickup.minecraft.gravel":4,"stat.leaveGame":1,"stat.pickup.minecraft.crafting_table":1,"stat.pickup.minecraft.stone_pickaxe":1,"stat.craftItem.minecraft.crafting_table":1,"stat.furnaceInteraction":7,"stat.useItem.minecraft.gravel":4,"stat.useItem.minecraft.apple":1,"stat.craftItem.minecraft.stone_hoe":1,"stat.craftItem.minecraft.coal":14,"stat.pickup.minecraft.log":45,"stat.jump":70,"stat.fallOneCm":956,"stat.useItem.minecraft.planks":97,"stat.pickup.minecraft.furnace":1,"stat.useItem.minecraft.stone_axe":63,"stat.crouchOneCm":561,"achievement.mineWood":39,"stat.craftItem.minecraft.torch":12,"stat.pickup.minecraft.sapling":6,"stat.pickup.minecraft.dirt":15,"stat.sprintOneCm":1941,"stat.pickup.minecraft.apple":1,"achievement.exploreAllBiomes":{"value":0,"progress":["Mesa Plateau F","Mesa","Mesa Plateau","River","Forest","Desert"]},"stat.craftItem.minecraft.stick":20,"stat.craftingTableInteraction":7,"stat.craftItem.minecraft.furnace":1,"stat.useItem.minecraft.sapling":4,"achievement.openInventory":26,"stat.craftItem.minecraft.planks":124,"stat.craftItem.minecraft.stone_axe":1,"stat.damageTaken":25,"stat.mineBlock.minecraft.crafting_table":1,"stat.craftItem.minecraft.stone_pickaxe":1,"stat.mineBlock.minecraft.furnace":1,"stat.useItem.minecraft.wooden_pickaxe":9,"stat.useItem.minecraft.furnace":2,"stat.pickup.minecraft.cobblestone":19,"stat.mineBlock.minecraft.log":45,"stat.craftItem.minecraft.wooden_door":3,"stat.pickup.minecraft.planks":4,"stat.useItem.minecraft.stone_shovel":16,"stat.useItem.minecraft.wooden_door":1,"stat.craftItem.minecraft.stone_sword":1,"stat.flyOneCm":297,"stat.mineBlock.minecraft.planks":4,"stat.drop":3,"stat.pickup.minecraft.wheat_seeds":1,"stat.mineBlock.minecraft.leaves":30,"stat.playOneMinute":14096,"stat.drop.minecraft.wheat_seeds":1,"stat.useItem.minecraft.stone_pickaxe":11,"stat.sneakTime":273,"stat.timeSinceDeath":14096,"stat.useItem.minecraft.crafting_table":2,"stat.mineBlock.minecraft.dirt":15,"stat.craftItem.minecraft.wooden_pickaxe":1,"stat.mineBlock.minecraft.stone":19,"stat.mineBlock.minecraft.tallgrass":6,"stat.drop.minecraft.stick":1}