{"stat.craftItem.minecraft.diamond_chestplate":1,"stat.useItem.minecraft.bow":1,"stat.pickup.minecraft.bone":12,"stat.useItem.minecraft.iron_axe":45,"stat.leaveGame":1,"stat.mineBlock.minecraft.cobblestone":1,"stat.pickup.minecraft.stone_pickaxe":1,"stat.pickup.minecraft.flint":8,"stat.craftItem.minecraft.iron_axe":1,"stat.killEntity.Blaze":15,"stat.useItem.minecraft.diamond_sword":32,"stat.mineBlock.minecraft.sandstone":3,"stat.drop.minecraft.shield":1,"stat.swimOneCm":6604,"stat.craftItem.minecraft.shield":1,"stat.pickup.minecraft.glowstone":1,"stat.useItem.minecraft.nether_brick_stairs":2,"achievement.buildWorkBench":12,"stat.pickup.minecraft.cooked_porkchop":11,"stat.pickup.minecraft.glowstone_dust":16,"stat.pickup.minecraft.porkchop":45,"stat.breakItem.minecraft.iron_pickaxe":8,"stat.useItem.minecraft.dirt":144,"stat.pickup.minecraft.bow":4,"achievement.exploreAllBiomes":{"value":0,"progress":["Mesa Plateau F","Mesa","Mesa Plateau","Birch Forest","River","Forest","Desert","Mesa (Bryce)","Hell"]},"stat.pickup.minecraft.iron_boots":2,"stat.useItem.minecraft.water_bucket":7,"stat.pickup.minecraft.rotten_flesh":9,"stat.mineBlock.minecraft.nether_brick_fence":1,"stat.pickup.minecraft.sand":67,"stat.craftItem.minecraft.furnace":6,"stat.useItem.minecraft.golden_sword":7,"stat.useItem.minecraft.egg":1,"stat.craftItem.minecraft.iron_boots":1,"achievement.diamonds":8,"stat.pickup.minecraft.bucket":1,"stat.craftItem.minecraft.stone_pickaxe":2,"stat.craftItem.minecraft.cooked_beef":4,"stat.killEntity.Enderman":1,"stat.pickup.minecraft.cobblestone":2020,"stat.useItem.minecraft.stone_shovel":64,"stat.craftItem.minecraft.stone_sword":1,"stat.flyOneCm":274066,"stat.drop.minecraft.iron_helmet":1,"stat.pickup.minecraft.sandstone":3,"stat.pickup.minecraft.soul_sand":6,"stat.useItem.minecraft.ender_pearl":26,"achievement.buildPickaxe":24,"stat.mineBlock.minecraft.sand":66,"stat.pickup.minecraft.nether_brick_stairs":2,"stat.drop.minecraft.sand":1,"stat.useItem.minecraft.cooked_beef":4,"achievement.buildBetterPickaxe":22,"stat.pickup.minecraft.redstone":110,"stat.mineBlock.minecraft.iron_ore":71,"stat.timeSinceDeath":24598,"stat.craftItem.minecraft.blaze_powder":8,"stat.useItem.minecraft.iron_pickaxe":2060,"stat.craftItem.minecraft.wooden_pickaxe":1,"stat.pickup.minecraft.mutton":11,"stat.drop.minecraft.diamond_chestplate":1,"stat.mineBlock.minecraft.hopper":1,"stat.pickup.minecraft.nether_wart":20,"stat.furnaceInteraction":112,"stat.drop.minecraft.dirt":18,"stat.useItem.minecraft.cooked_porkchop":29,"stat.mineBlock.minecraft.coal_ore":127,"stat.mineBlock.minecraft.nether_brick":82,"stat.pickup.minecraft.shield":3,"stat.killEntity.Creeper":1,"stat.pickup.minecraft.nether_brick":159,"stat.pickup.minecraft.string":1,"stat.pickup.minecraft.beef":4,"stat.useItem.minecraft.cooked_mutton":4,"stat.pickup.minecraft.furnace":1,"achievement.buildSword":5,"achievement.mineWood":41,"stat.sprintOneCm":508177,"stat.pickup.minecraft.iron_chestplate":1,"stat.useItem.minecraft.stone_stairs":76,"stat.craftItem.minecraft.stick":60,"achievement.openInventory":177,"stat.pickup.minecraft.stone_stairs":2,"stat.mineBlock.minecraft.diamond_ore":10,"stat.useItem.minecraft.flint_and_steel":21,"stat.pickup.minecraft.grass":1,"stat.mineBlock.minecraft.crafting_table":1,"stat.useItem.minecraft.hopper":2,"stat.pickup.minecraft.golden_horse_armor":1,"stat.pickup.minecraft.diamond_chestplate":1,"stat.drop.minecraft.lava_bucket":1,"stat.useItem.minecraft.bucket":21,"achievement.killEnemy":38,"achievement.buildFurnace":12,"stat.deaths":5,"stat.drop":111,"stat.pickup.minecraft.egg":1,"stat.playOneMinute":268217,"stat.pickup.minecraft.blaze_rod":14,"stat.pickup.minecraft.birch_door":2,"stat.killEntity.Sheep":7,"stat.useItem.minecraft.nether_brick":94,"stat.drop.minecraft.blaze_rod":3,"stat.craftItem.minecraft.iron_pickaxe":9,"stat.pickup.minecraft.golden_chestplate":3,"stat.killEntity.Zombie":4,"stat.mineBlock.minecraft.gold_ore":4,"stat.pickup.minecraft.netherrack":100,"stat.mineBlock.minecraft.tallgrass":2,"stat.craftItem.minecraft.cooked_mutton":4,"stat.diveOneCm":6526,"stat.chestOpened":99,"stat.useItem.minecraft.stone":33,"stat.drop.minecraft.wooden_pickaxe":1,"stat.mineBlock.minecraft.netherrack":82,"stat.pickup.minecraft.gravel":59,"stat.pickup.minecraft.arrow":8,"stat.pickup.minecraft.iron_sword":3,"stat.craftItem.minecraft.cooked_porkchop":41,"stat.pickup.minecraft.stone_axe":3,"stat.drop.minecraft.experience_bottle":24,"stat.useItem.minecraft.rotten_flesh":3,"stat.drop.minecraft.cooked_porkchop":7,"stat.pickup.minecraft.diamond_sword":1,"stat.craftItem.minecraft.diamond_sword":1,"stat.jump":1955,"stat.useItem.minecraft.sand":29,"stat.pickup.minecraft.coal":127,"stat.pickup.minecraft.iron_helmet":1,"stat.useItem.minecraft.experience_bottle":59,"stat.pickup.minecraft.iron_ingot":12,"stat.fallOneCm":29976,"stat.drop.minecraft.diamond_sword":1,"stat.crouchOneCm":176995,"achievement.killCow":2,"stat.mineBlock.minecraft.chest":1,"stat.pickup.minecraft.spider_eye":1,"stat.craftItem.minecraft.torch":88,"stat.useItem.minecraft.nether_brick_fence":1,"stat.craftItem.minecraft.chest":6,"stat.craftItem.minecraft.iron_ingot":60,"stat.pickup.minecraft.dirt":127,"stat.craftItem.minecraft.iron_helmet":1,"stat.craftItem.minecraft.hopper":1,"stat.useItem.minecraft.cooked_chicken":1,"stat.craftingTableInteraction":66,"stat.pickup.minecraft.iron_ore":71,"stat.useItem.minecraft.glass":1,"stat.pickup.minecraft.nether_brick_fence":1,"stat.useItem.minecraft.sapling":1,"stat.pickup.minecraft.gold_ore":4,"stat.craftItem.minecraft.flint_and_steel":2,"stat.pickup.minecraft.iron_axe":1,"stat.mineBlock.minecraft.stone_stairs":2,"stat.damageTaken":4479,"stat.pickup.minecraft.leather":4,"stat.pickup.minecraft.feather":1,"stat.drop.minecraft.iron_leggings":2,"stat.mineBlock.minecraft.torch":4,"stat.mineBlock.minecraft.furnace":1,"stat.useItem.minecraft.furnace":7,"stat.useItem.minecraft.wooden_pickaxe":24,"stat.pickup.minecraft.planks":101,"stat.pickup.minecraft.iron_leggings":3,"stat.pickup.minecraft.wheat_seeds":1,"stat.mineBlock.minecraft.gravel":71,"stat.useItem.minecraft.stone_pickaxe":264,"stat.useItem.minecraft.stone_sword":25,"stat.craftItem.minecraft.iron_leggings":1,"stat.damageDealt":10992,"stat.useItem.minecraft.wool":1,"stat.mineBlock.minecraft.nether_brick_stairs":2,"stat.killEntity.Cow":2,"stat.mineBlock.minecraft.dirt":103,"stat.useItem.minecraft.crafting_table":7,"stat.killEntity.Pig":25,"stat.craftItem.minecraft.iron_sword":1,"stat.drop.minecraft.stick":6,"stat.craftItem.minecraft.stone_shovel":1,"stat.pickup.minecraft.flint_and_steel":2,"stat.walkOneCm":984466,"stat.useItem.minecraft.torch":40,"stat.useItem.minecraft.chest":6,"stat.pickup.minecraft.stick":14,"stat.craftItem.minecraft.stone_stairs":84,"stat.pickup.minecraft.crafting_table":1,"stat.useItem.minecraft.cobblestone":92,"stat.useItem.minecraft.tnt":7,"stat.craftItem.minecraft.crafting_table":6,"stat.useItem.minecraft.lava_bucket":17,"stat.breakItem.minecraft.stone_pickaxe":2,"stat.killEntity.LavaSlime":5,"stat.drop.minecraft.netherrack":33,"stat.pickup.minecraft.log":48,"stat.pickup.minecraft.iron_pickaxe":3,"stat.craftItem.minecraft.gold_ingot":4,"stat.pickup.minecraft.stone":273,"stat.pickup.minecraft.hopper":1,"stat.drop.minecraft.sapling":7,"stat.mineBlock.minecraft.wool":1,"stat.pickup.minecraft.chicken":1,"stat.pickup.minecraft.sapling":18,"stat.pickup.minecraft.ender_pearl":1,"stat.useItem.minecraft.netherrack":50,"stat.killEntity.Skeleton":10,"stat.craftItem.minecraft.bucket":3,"stat.useItem.minecraft.iron_sword":179,"stat.craftItem.minecraft.planks":192,"stat.killEntity.Chicken":1,"stat.killEntity.Spider":2,"stat.pickup.minecraft.stone_sword":2,"stat.mobKills":75,"stat.mineBlock.minecraft.log":48,"stat.craftItem.minecraft.wooden_door":3,"stat.craftItem.minecraft.cooked_chicken":1,"stat.useItem.minecraft.wooden_door":3,"stat.drop.minecraft.birch_door":1,"achievement.acquireIron":34,"stat.pickup.minecraft.diamond":10,"stat.mineBlock.minecraft.leaves":35,"stat.pickup.minecraft.torch":33,"stat.mineBlock.minecraft.redstone_ore":23,"stat.sneakTime":51177,"stat.pickup.minecraft.wool":13,"stat.entityKilledBy.Blaze":2,"stat.drop.minecraft.bucket":1,"stat.drop.minecraft.stone_axe":1,"stat.mineBlock.minecraft.stone":1766,"stat.drop.minecraft.grass":1,"stat.useItem.minecraft.sandstone":2,"stat.pickup.minecraft.chest":1}