{"stat.leaveGame":3,"stat.mineBlock.minecraft.sandstone":2,"stat.breakItem.minecraft.wooden_sword":1,"stat.useItem.minecraft.mutton":2,"stat.pickup.minecraft.fishing_rod":2,"stat.useItem.minecraft.planks":200,"stat.pickup.minecraft.porkchop":34,"stat.pickup.minecraft.glass":2,"stat.drop.minecraft.iron_sword":1,"stat.pickup.minecraft.rotten_flesh":28,"stat.pickup.minecraft.sand":38,"stat.pickup.minecraft.hardened_clay":1,"stat.pickup.minecraft.name_tag":7,"achievement.diamonds":5,"stat.craftItem.minecraft.stone_sword":1,"stat.useItem.minecraft.anvil":2,"stat.mineBlock.minecraft.sand":35,"achievement.buildPickaxe":18,"achievement.buildBetterPickaxe":16,"stat.useItem.minecraft.fence_gate":1,"stat.hopperInspected":1,"stat.useItem.minecraft.iron_pickaxe":1449,"stat.craftItem.minecraft.wooden_pickaxe":1,"stat.craftItem.minecraft.iron_door":6,"stat.pickup.minecraft.double_plant":14,"stat.craftItem.minecraft.birch_door":9,"stat.useItem.minecraft.hardened_clay":1,"stat.mineBlock.minecraft.hopper":1,"stat.pickup.minecraft.wooden_shovel":1,"stat.furnaceInteraction":50,"stat.pickup.minecraft.beef":24,"stat.useItem.minecraft.cooked_mutton":3,"stat.craftItem.minecraft.golden_leggings":1,"achievement.mineWood":84,"stat.useItem.minecraft.fence":26,"stat.useItem.minecraft.stone_stairs":4,"achievement.openInventory":111,"stat.craftItem.minecraft.fence_gate":1,"stat.pickup.minecraft.pumpkin_seeds":1,"stat.useItem.minecraft.beef":10,"stat.deaths":4,"stat.pickup.minecraft.egg":9,"stat.playOneMinute":264835,"stat.craftItem.minecraft.wooden_shovel":1,"stat.pickup.minecraft.birch_door":5,"stat.craftItem.minecraft.iron_pickaxe":7,"stat.mineBlock.minecraft.tallgrass":50,"stat.pickup.minecraft.cooked_mutton":3,"stat.chestOpened":131,"stat.useItem.minecraft.stone":114,"stat.pickup.minecraft.arrow":15,"stat.pickup.minecraft.iron_sword":3,"stat.pickup.minecraft.wooden_pressure_plate":8,"stat.drop.minecraft.iron_pickaxe":2,"stat.fallOneCm":12358,"stat.drop.minecraft.stone":1,"stat.drop.minecraft.dye":11,"stat.crouchOneCm":784,"achievement.killCow":2,"stat.mineBlock.minecraft.chest":5,"stat.craftItem.minecraft.chest":8,"stat.craftItem.minecraft.iron_ingot":88,"stat.mineBlock.minecraft.hardened_clay":1,"stat.craftingTableInteraction":42,"stat.pickup.minecraft.wooden_pickaxe":4,"stat.drop.minecraft.bone":3,"stat.useItem.minecraft.furnace":2,"stat.craftItem.minecraft.wooden_sword":1,"stat.pickup.minecraft.dye":46,"stat.pickup.minecraft.planks":25,"stat.pickup.minecraft.wheat_seeds":12,"stat.useItem.minecraft.stone_pickaxe":110,"stat.useItem.minecraft.stone_sword":37,"stat.mineBlock.minecraft.dirt":307,"stat.useItem.minecraft.torch":12,"stat.craftItem.minecraft.stone_stairs":4,"stat.useItem.minecraft.log":9,"stat.pickup.minecraft.crafting_table":2,"stat.useItem.minecraft.cobblestone":33,"stat.craftItem.minecraft.crafting_table":2,"stat.mineBlock.minecraft.double_plant":8,"stat.pickup.minecraft.log":92,"stat.drop.minecraft.chicken":1,"stat.pickup.minecraft.iron_pickaxe":4,"stat.craftItem.minecraft.gold_ingot":9,"stat.drop.minecraft.planks":1,"stat.pickup.minecraft.hopper":1,"stat.pickup.minecraft.chicken":1,"stat.pickup.minecraft.sapling":60,"stat.pickup.minecraft.apple":3,"stat.useItem.minecraft.birch_door":9,"stat.craftItem.minecraft.planks":332,"stat.useItem.minecraft.iron_sword":93,"stat.entityKilledBy.Wolf":1,"stat.pickup.minecraft.stone_sword":2,"stat.craftItem.minecraft.fishing_rod":1,"stat.useItem.minecraft.wooden_pressure_plate":4,"stat.mineBlock.minecraft.log":90,"achievement.acquireIron":14,"stat.craftItem.minecraft.golden_boots":1,"stat.pickup.minecraft.red_flower":5,"stat.sneakTime":605,"stat.pickup.minecraft.wool":5,"stat.useItem.minecraft.wooden_axe":117,"stat.drop.minecraft.wooden_axe":1,"stat.pickup.minecraft.chest":5,"stat.pickup.minecraft.bone":20,"stat.mineBlock.minecraft.cobblestone":7,"stat.pickup.minecraft.stone_pickaxe":3,"stat.pickup.minecraft.flint":4,"stat.pickup.minecraft.leather_chestplate":2,"stat.swimOneCm":11217,"stat.climbOneCm":1807,"stat.drop.minecraft.cobblestone":11,"achievement.buildWorkBench":2,"stat.pickup.minecraft.cooked_porkchop":8,"stat.craftItem.minecraft.golden_chestplate":1,"stat.breakItem.minecraft.iron_pickaxe":4,"stat.useItem.minecraft.dirt":138,"stat.pickup.minecraft.bow":4,"achievement.exploreAllBiomes":{"value":0,"progress":["Mesa Plateau F","Mesa","ForestHills","Mesa Plateau","River","Forest","Desert","Mesa (Bryce)"]},"stat.entityKilledBy.Endermite":1,"stat.craftItem.minecraft.furnace":1,"stat.useItem.minecraft.egg":6,"stat.pickup.minecraft.anvil":1,"stat.craftItem.minecraft.stone_pickaxe":1,"stat.pickup.minecraft.cobblestone":1430,"stat.flyOneCm":15852,"stat.pickup.minecraft.sandstone":2,"stat.drop.minecraft.wheat_seeds":4,"stat.pickup.minecraft.redstone":192,"stat.mineBlock.minecraft.iron_ore":107,"stat.timeSinceDeath":10651,"stat.pickup.minecraft.mutton":4,"stat.useItem.minecraft.iron_door":4,"stat.craftItem.minecraft.iron_block":5,"stat.pickup.minecraft.wooden_axe":2,"stat.useItem.minecraft.cooked_porkchop":6,"stat.mineBlock.minecraft.coal_ore":45,"stat.pickup.minecraft.wooden_sword":1,"stat.pickup.minecraft.string":3,"stat.craftItem.minecraft.golden_helmet":1,"achievement.buildSword":4,"stat.sprintOneCm":110165,"stat.craftItem.minecraft.stick":48,"stat.craftItem.minecraft.wooden_axe":3,"stat.craftItem.minecraft.stone":208,"stat.mineBlock.minecraft.diamond_ore":6,"stat.mineBlock.minecraft.crafting_table":2,"stat.useItem.minecraft.wooden_shovel":24,"stat.entityKilledBy.Creeper":1,"achievement.killEnemy":10,"achievement.buildFurnace":2,"stat.mineBlock.minecraft.planks":20,"stat.drop":38,"stat.craftItem.minecraft.leather_chestplate":4,"stat.useItem.minecraft.wooden_sword":69,"stat.killEntity.Sheep":1,"stat.useItem.minecraft.ladder":3,"stat.pickup.minecraft.golden_chestplate":1,"stat.pickup.minecraft.iron_block":2,"stat.killEntity.Zombie":5,"stat.craftItem.minecraft.dye":1,"stat.mineBlock.minecraft.gold_ore":84,"stat.diveOneCm":4000,"stat.craftItem.minecraft.ladder":3,"stat.pickup.minecraft.gravel":2,"stat.craftItem.minecraft.cooked_porkchop":8,"stat.mineBlock.minecraft.anvil":1,"stat.pickup.minecraft.stone_axe":1,"stat.mineBlock.minecraft.deadbush":7,"stat.breakItem.minecraft.wooden_axe":1,"stat.useItem.minecraft.rotten_flesh":1,"stat.jump":1388,"stat.pickup.minecraft.coal":74,"stat.pickup.minecraft.iron_ingot":8,"stat.pickup.minecraft.gunpowder":4,"stat.pickup.minecraft.dirt":346,"stat.pickup.minecraft.iron_ore":111,"stat.useItem.minecraft.glass":22,"stat.pickup.minecraft.gold_ore":88,"stat.mineBlock.minecraft.lapis_ore":8,"stat.damageTaken":1742,"stat.pickup.minecraft.leather":10,"stat.mineBlock.minecraft.red_flower":1,"stat.mineBlock.minecraft.torch":7,"stat.mineBlock.minecraft.furnace":1,"stat.useItem.minecraft.wooden_pickaxe":6,"stat.mineBlock.minecraft.sapling":1,"stat.entityKilledBy.Zombie":1,"stat.damageDealt":3530,"stat.craftItem.minecraft.glass":24,"stat.craftItem.minecraft.anvil":1,"stat.killEntity.Cow":9,"stat.useItem.minecraft.crafting_table":4,"stat.killEntity.Pig":1,"stat.craftItem.minecraft.iron_sword":1,"stat.walkOneCm":1861649,"stat.animalsBred":4,"stat.useItem.minecraft.chest":13,"stat.pickup.minecraft.stick":32,"stat.drop.minecraft.iron_block":2,"stat.pickup.minecraft.stone":390,"stat.killEntity.Skeleton":5,"stat.killEntity.Spider":1,"stat.mobKills":22,"stat.craftItem.minecraft.fence":30,"stat.pickup.minecraft.diamond":6,"stat.mineBlock.minecraft.leaves":72,"stat.pickup.minecraft.torch":8,"stat.mineBlock.minecraft.redstone_ore":44,"stat.mineBlock.minecraft.stone":1217}