{"stat.chestOpened":173,"stat.pickup.minecraft.bone":8,"stat.mineBlock.minecraft.dark_oak_fence":1,"stat.leaveGame":1,"stat.pickup.minecraft.arrow":7,"stat.pickup.minecraft.iron_sword":5,"stat.craftItem.minecraft.cooked_porkchop":4,"stat.mineBlock.minecraft.cobblestone":6,"stat.mineBlock.minecraft.yellow_flower":3,"stat.useItem.minecraft.apple":5,"stat.pickup.minecraft.leather_chestplate":2,"stat.mineBlock.minecraft.deadbush":10,"stat.jump":2201,"stat.swimOneCm":5541,"stat.fallOneCm":25585,"stat.useItem.minecraft.planks":128,"stat.pickup.minecraft.iron_ingot":12,"stat.climbOneCm":216,"stat.pickup.minecraft.porkchop":6,"stat.crouchOneCm":34,"stat.pickup.minecraft.glass":1,"stat.mineBlock.minecraft.chest":1,"stat.pickup.minecraft.rail":3,"stat.pickup.minecraft.spider_eye":2,"stat.craftItem.minecraft.chest":1,"stat.craftItem.minecraft.iron_ingot":3,"stat.pickup.minecraft.dirt":103,"stat.useItem.minecraft.dirt":91,"achievement.exploreAllBiomes":{"value":0,"progress":["Mesa Plateau F","Mesa","ForestHills","Mesa Plateau","River","Forest","Plains","Desert","Mesa (Bryce)"]},"stat.useItem.minecraft.cooked_chicken":1,"stat.drop.minecraft.iron_sword":2,"stat.craftingTableInteraction":18,"stat.pickup.minecraft.rotten_flesh":8,"stat.pickup.minecraft.sand":6,"stat.useItem.minecraft.glass":6,"stat.craftItem.minecraft.furnace":1,"stat.useItem.minecraft.golden_sword":28,"stat.useItem.minecraft.sapling":14,"stat.pickup.minecraft.gold_ore":17,"stat.useItem.minecraft.egg":1,"stat.useItem.minecraft.golden_rail":3,"stat.damageTaken":1950,"stat.pickup.minecraft.leather":1,"stat.drop.minecraft.bone":3,"stat.mineBlock.minecraft.red_flower":6,"stat.mineBlock.minecraft.torch":1,"stat.craftItem.minecraft.stone_pickaxe":1,"stat.useItem.minecraft.furnace":1,"stat.craftItem.minecraft.cooked_beef":2,"stat.useItem.minecraft.rail":7,"stat.pickup.minecraft.dark_oak_fence":1,"stat.pickup.minecraft.cobblestone":24,"stat.craftItem.minecraft.wooden_sword":1,"stat.pickup.minecraft.dye":12,"stat.pickup.minecraft.planks":33,"stat.flyOneCm":75202,"stat.pickup.minecraft.wheat_seeds":2,"stat.mineBlock.minecraft.sand":6,"stat.drop.minecraft.wheat_seeds":2,"stat.useItem.minecraft.stone_pickaxe":8,"stat.useItem.minecraft.cooked_beef":2,"stat.pickup.minecraft.cactus":3,"stat.damageDealt":3021,"stat.craftItem.minecraft.glass":6,"stat.sleepInBed":13,"stat.timeSinceDeath":33156,"stat.killEntity.Cow":1,"stat.useItem.minecraft.crafting_table":2,"stat.mineBlock.minecraft.dirt":73,"stat.pickup.minecraft.minecart":8,"stat.useItem.minecraft.iron_pickaxe":44,"stat.killEntity.Pig":5,"stat.drop.minecraft.name_tag":2,"stat.craftItem.minecraft.iron_sword":2,"stat.pickup.minecraft.mutton":7,"stat.drop.minecraft.stick":10,"stat.pickup.minecraft.double_plant":28,"stat.walkOneCm":1625881,"stat.craftItem.minecraft.bed":1,"stat.useItem.minecraft.bread":3,"stat.useItem.minecraft.torch":16,"stat.useItem.minecraft.chest":3,"stat.pickup.minecraft.stick":19,"stat.pickup.minecraft.wooden_axe":1,"stat.drop.minecraft.rotten_flesh":1,"stat.drop.minecraft.porkchop":2,"stat.pickup.minecraft.crafting_table":1,"stat.useItem.minecraft.cobblestone":6,"stat.craftItem.minecraft.crafting_table":1,"stat.furnaceInteraction":33,"stat.mineBlock.minecraft.rail":3,"stat.mineBlock.minecraft.double_plant":22,"stat.useItem.minecraft.cooked_porkchop":4,"stat.minecartOneCm":19035,"stat.pickup.minecraft.log":60,"stat.pickup.minecraft.string":7,"stat.useItem.minecraft.chest_minecart":1,"stat.useItem.minecraft.double_plant":26,"stat.useItem.minecraft.minecart":6,"stat.pickup.minecraft.beef":2,"stat.pickup.minecraft.iron_pickaxe":2,"stat.useItem.minecraft.cooked_mutton":2,"stat.mineBlock.minecraft.golden_rail":3,"stat.entityKilledBy.Skeleton":1,"stat.craftItem.minecraft.gold_ingot":16,"stat.pickup.minecraft.chicken":2,"achievement.mineWood":32,"stat.pickup.minecraft.sapling":16,"stat.craftItem.minecraft.chest_minecart":1,"stat.sprintOneCm":336227,"stat.pickup.minecraft.wooden_door":4,"stat.pickup.minecraft.apple":5,"stat.useItem.minecraft.cactus":3,"stat.craftItem.minecraft.stick":4,"stat.pickup.minecraft.gold_ingot":8,"stat.useItem.minecraft.birch_door":3,"stat.drop.minecraft.pumpkin_seeds":2,"stat.killEntity.Skeleton":1,"stat.mineBlock.minecraft.cactus":1,"stat.useItem.minecraft.bed":1,"achievement.openInventory":28,"stat.craftItem.minecraft.planks":236,"stat.useItem.minecraft.iron_sword":115,"stat.killEntity.Chicken":1,"stat.mineBlock.minecraft.crafting_table":1,"stat.killEntity.Spider":5,"stat.mobKills":20,"stat.mineBlock.minecraft.log":59,"stat.craftItem.minecraft.wooden_door":3,"stat.entityKilledBy.Creeper":2,"stat.craftItem.minecraft.cooked_chicken":1,"stat.useItem.minecraft.wooden_door":5,"stat.mineBlock.minecraft.planks":29,"stat.deaths":5,"stat.craftItem.minecraft.golden_sword":1,"stat.drop":31,"stat.mineBlock.minecraft.leaves":38,"stat.pickup.minecraft.egg":3,"stat.playOneMinute":264277,"stat.useItem.minecraft.wooden_sword":28,"stat.pickup.minecraft.birch_door":3,"stat.pickup.minecraft.torch":6,"stat.killEntity.Sheep":3,"stat.pickup.minecraft.red_flower":6,"stat.sneakTime":39,"stat.craftItem.minecraft.iron_pickaxe":1,"stat.pickup.minecraft.wool":4,"stat.pickup.minecraft.golden_chestplate":1,"stat.killEntity.Zombie":3,"stat.drop.minecraft.arrow":7,"stat.craftItem.minecraft.dye":3,"stat.pickup.minecraft.yellow_flower":2,"stat.mineBlock.minecraft.stone":17,"stat.pickup.minecraft.golden_rail":3,"stat.mineBlock.minecraft.gold_ore":17,"stat.mineBlock.minecraft.tallgrass":15,"stat.craftItem.minecraft.cooked_mutton":7,"stat.diveOneCm":3700,"stat.pickup.minecraft.chest":3}