{"stat.useItem.minecraft.bow":2,"stat.useItem.minecraft.quartz_block":2,"stat.leaveGame":2,"stat.useItem.minecraft.soul_sand":2,"stat.killEntity.Blaze":9,"stat.useItem.minecraft.glowstone":3,"stat.useItem.minecraft.planks":40,"stat.craftItem.minecraft.shield":1,"stat.useItem.minecraft.nether_brick_stairs":4,"stat.pickup.minecraft.glowstone_dust":60,"stat.pickup.minecraft.porkchop":3,"stat.pickup.minecraft.blaze_powder":24,"stat.pickup.minecraft.glass":35,"stat.drop.minecraft.iron_sword":1,"stat.pickup.minecraft.rotten_flesh":32,"stat.pickup.minecraft.sand":143,"stat.craftItem.minecraft.stone_axe":3,"stat.pickup.minecraft.name_tag":1,"achievement.diamonds":13,"stat.pickup.minecraft.bucket":2,"achievement.buildPickaxe":27,"stat.mineBlock.minecraft.sand":49,"achievement.buildBetterPickaxe":27,"stat.useItem.minecraft.iron_pickaxe":487,"stat.craftItem.minecraft.birch_door":3,"stat.craftItem.minecraft.glass_pane":16,"stat.furnaceInteraction":66,"stat.mineBlock.minecraft.rail":3,"stat.pickup.minecraft.nether_brick":277,"stat.drop.minecraft.wooden_pressure_plate":8,"stat.useItem.minecraft.cooked_mutton":7,"stat.useItem.minecraft.redstone":6,"achievement.mineWood":110,"stat.pickup.minecraft.iron_chestplate":3,"achievement.openInventory":243,"stat.pickup.minecraft.pumpkin_seeds":1,"stat.pickup.minecraft.saddle":1,"stat.mineBlock.minecraft.soul_sand":10,"stat.useItem.minecraft.dye":3,"stat.deaths":5,"stat.playOneMinute":255851,"stat.pickup.minecraft.blaze_rod":7,"stat.useItem.minecraft.nether_brick":152,"stat.craftItem.minecraft.iron_pickaxe":3,"stat.mineBlock.minecraft.tallgrass":3,"stat.pickup.minecraft.netherrack":143,"stat.craftItem.minecraft.cooked_mutton":7,"stat.chestOpened":110,"stat.useItem.minecraft.stone":1,"stat.mineBlock.minecraft.netherrack":108,"stat.pickup.minecraft.iron_sword":9,"stat.pickup.minecraft.arrow":22,"stat.craftItem.minecraft.quartz_block":1,"stat.useItem.minecraft.experience_bottle":24,"stat.fallOneCm":9771,"stat.drop.minecraft.stone_sword":3,"stat.crouchOneCm":12208,"stat.pickup.minecraft.rail":2,"stat.craftItem.minecraft.chest":3,"stat.craftItem.minecraft.iron_ingot":174,"stat.craftingTableInteraction":60,"stat.pickup.minecraft.record_cat":1,"stat.useItem.minecraft.furnace":5,"stat.pickup.minecraft.dye":82,"stat.pickup.minecraft.planks":215,"stat.pickup.minecraft.iron_leggings":5,"stat.pickup.minecraft.wheat_seeds":3,"stat.mineBlock.minecraft.gravel":3,"stat.useItem.minecraft.stone_pickaxe":1462,"stat.breakItem.minecraft.stone_axe":1,"stat.craftItem.minecraft.iron_leggings":1,"stat.useItem.minecraft.stone_sword":2,"stat.mineBlock.minecraft.dirt":263,"stat.useItem.minecraft.torch":164,"stat.useItem.minecraft.bread":2,"stat.pickup.minecraft.brewing_stand":1,"stat.pickup.minecraft.golden_apple":1,"stat.craftItem.minecraft.redstone_block":28,"stat.drop.minecraft.rotten_flesh":2,"stat.pickup.minecraft.crafting_table":3,"stat.useItem.minecraft.cobblestone":382,"stat.craftItem.minecraft.crafting_table":11,"stat.useItem.minecraft.gravel":2,"stat.minecartOneCm":1302,"stat.pickup.minecraft.log":116,"stat.pickup.minecraft.iron_pickaxe":9,"stat.craftItem.minecraft.gold_ingot":6,"stat.pickup.minecraft.sapling":17,"stat.craftItem.minecraft.brewing_stand":1,"stat.useItem.minecraft.glass_pane":16,"stat.breakItem.minecraft.stone_shovel":2,"stat.useItem.minecraft.birch_door":2,"stat.craftItem.minecraft.planks":232,"stat.useItem.minecraft.iron_sword":140,"stat.entityKilledBy.Wolf":1,"stat.pickup.minecraft.stone_sword":6,"stat.craftItem.minecraft.wooden_door":6,"stat.mineBlock.minecraft.log":112,"stat.pickup.minecraft.golden_sword":3,"stat.useItem.minecraft.wooden_door":6,"achievement.acquireIron":10,"stat.pickup.minecraft.red_flower":8,"stat.sneakTime":5224,"stat.entityKilledBy.Blaze":1,"stat.useItem.minecraft.brewing_stand":1,"stat.pickup.minecraft.yellow_flower":2,"stat.pickup.minecraft.chest":1,"stat.pickup.minecraft.bone":36,"stat.mineBlock.minecraft.cobblestone":120,"stat.pickup.minecraft.stone_pickaxe":4,"stat.pickup.minecraft.flint":4,"stat.mineBlock.minecraft.yellow_flower":1,"stat.useItem.minecraft.diamond_sword":19,"stat.swimOneCm":13437,"stat.climbOneCm":424,"stat.pickup.minecraft.glowstone":2,"achievement.buildWorkBench":16,"stat.pickup.minecraft.cooked_porkchop":33,"stat.breakItem.minecraft.iron_pickaxe":2,"stat.useItem.minecraft.dirt":30,"stat.pickup.minecraft.bow":7,"achievement.exploreAllBiomes":{"value":0,"progress":["Mesa Plateau F","Mesa","Mesa Plateau","River","Forest","Desert","Mesa (Bryce)","Hell"]},"stat.pickup.minecraft.iron_boots":4,"stat.craftItem.minecraft.furnace":5,"stat.craftItem.minecraft.iron_boots":1,"stat.craftItem.minecraft.stone_pickaxe":12,"stat.pickup.minecraft.cobblestone":1351,"stat.useItem.minecraft.stone_shovel":289,"stat.flyOneCm":26740,"stat.pickup.minecraft.soul_sand":32,"stat.pickup.minecraft.cactus":6,"stat.pickup.minecraft.redstone":255,"stat.mineBlock.minecraft.iron_ore":213,"stat.timeSinceDeath":3229,"stat.drop.minecraft.name_tag":1,"stat.killEntity.Bat":1,"stat.pickup.minecraft.nether_wart":104,"stat.drop.minecraft.dirt":1,"stat.useItem.minecraft.cooked_porkchop":10,"stat.mineBlock.minecraft.coal_ore":63,"stat.mineBlock.minecraft.nether_brick":176,"stat.pickup.minecraft.shield":4,"stat.useItem.minecraft.armor_stand":2,"stat.pickup.minecraft.string":15,"achievement.buildSword":2,"stat.sprintOneCm":68069,"stat.craftItem.minecraft.stick":92,"stat.useItem.minecraft.stone_slab":6,"stat.craftItem.minecraft.stone":3,"stat.mineBlock.minecraft.diamond_ore":16,"stat.craftItem.minecraft.armor_stand":2,"stat.mineBlock.minecraft.crafting_table":2,"stat.pickup.minecraft.diamond_chestplate":1,"stat.craftItem.minecraft.wooden_pressure_plate":8,"stat.useItem.minecraft.bucket":4,"stat.entityKilledBy.Creeper":1,"achievement.killEnemy":32,"achievement.buildFurnace":7,"stat.mineBlock.minecraft.planks":18,"stat.drop":18,"stat.pickup.minecraft.golden_chestplate":2,"stat.pickup.minecraft.iron_block":2,"stat.killEntity.Zombie":17,"stat.craftItem.minecraft.dye":17,"stat.mineBlock.minecraft.gold_ore":63,"stat.pickup.minecraft.wheat":4,"stat.pickup.minecraft.gravel":5,"stat.craftItem.minecraft.cooked_porkchop":7,"stat.pickup.minecraft.stone_axe":5,"stat.useItem.minecraft.rotten_flesh":7,"stat.drop.minecraft.cooked_porkchop":1,"stat.pickup.minecraft.diamond_sword":1,"stat.jump":1585,"stat.pickup.minecraft.coal":149,"stat.pickup.minecraft.iron_helmet":3,"stat.pickup.minecraft.iron_ingot":118,"stat.useItem.minecraft.stone_axe":137,"stat.pickup.minecraft.gunpowder":4,"stat.craftItem.minecraft.torch":120,"stat.pickup.minecraft.dirt":341,"stat.craftItem.minecraft.iron_helmet":1,"stat.pickup.minecraft.experience_bottle":24,"stat.pickup.minecraft.iron_ore":266,"stat.useItem.minecraft.glass":9,"stat.pickup.minecraft.stone_shovel":3,"stat.pickup.minecraft.gold_ore":118,"stat.useItem.minecraft.sapling":6,"stat.mineBlock.minecraft.lapis_ore":13,"stat.pickup.minecraft.iron_axe":2,"stat.mineBlock.minecraft.glass_pane":1,"stat.brewingstandInteraction":1,"stat.damageTaken":3031,"stat.mineBlock.minecraft.torch":3,"stat.mineBlock.minecraft.red_flower":8,"stat.craftItem.minecraft.glowstone":3,"stat.pickup.minecraft.quartz_block":1,"stat.damageDealt":8238,"stat.craftItem.minecraft.glass":50,"stat.useItem.minecraft.crafting_table":14,"stat.pickup.minecraft.minecart":1,"stat.killEntity.Pig":1,"stat.craftItem.minecraft.iron_sword":1,"stat.craftItem.minecraft.stone_slab":12,"stat.craftItem.minecraft.stone_shovel":3,"stat.walkOneCm":1347085,"stat.useItem.minecraft.chest":4,"stat.pickup.minecraft.stick":3,"stat.useItem.minecraft.lava_bucket":3,"stat.breakItem.minecraft.stone_pickaxe":11,"stat.drop.minecraft.netherrack":1,"stat.pickup.minecraft.stone":138,"stat.craftItem.minecraft.iron_chestplate":1,"stat.useItem.minecraft.cactus":6,"stat.useItem.minecraft.netherrack":124,"stat.pickup.minecraft.gold_ingot":12,"stat.killEntity.Skeleton":6,"stat.mineBlock.minecraft.cactus":2,"stat.killEntity.Spider":1,"stat.mineBlock.minecraft.quartz_ore":6,"stat.mineBlock.minecraft.glowstone":11,"stat.mobKills":35,"stat.pickup.minecraft.quartz":6,"stat.pickup.minecraft.diamond":16,"stat.mineBlock.minecraft.leaves":21,"stat.pickup.minecraft.torch":97,"stat.craftItem.minecraft.nether_brick_stairs":4,"stat.mineBlock.minecraft.redstone_ore":56,"stat.pickup.minecraft.lava_bucket":2,"stat.mineBlock.minecraft.stone":1093}